par,nossa_cota,melhor_encontrada_anterior,fonte,versao_ano,LI_RESUMO,estado,confianca
"K_7(9,4)",1285,1475,"Marosi arXiv:2608.19872 Tab.1 (anc K7_9_4_M1475.txt)","v2 2026-08-23 e v3 2026-09-02 (v1 1743)",LI,NO_PREDECESSOR_FOUND_IN_REVIEWED_SOURCES,media
"K_7(9,4)",1285,1843,"Keri tabelas q=7 unmixed/bounds/6-21.pdf (chave f = soma direta K7(5,2)*K7(4,2)=97*19) e codes/6-21_tables.pdf","edicao 2006-01-26 e PDF 2009-10-15; index.htm 2011-11-25",LI,NO_PREDECESSOR_FOUND_IN_REVIEWED_SOURCES,media
"K_7(9,4)",1285,"931 / 1225 / 1344 (SO SE ADS valida)","ADS (Lobstein-van Wee 1989 via Keri normality.pdf) sobre cotas tabeladas: 19*343/7; 25*343/7; 97*97/7","derivacao propria 2026-10-03; normalidade NAO verificada; SA (scripts/) nao achou componentes",MEDIDO,CONDICIONAL_NAO_VERIFICADO (nao e predecessor),baixa
"K_7(9,4)",1351,1475,"Marosi arXiv:2608.19872 Tab.1","v2/v3",LI,NO_PREDECESSOR_FOUND_IN_REVIEWED_SOURCES (ADS 5+5: 1344; 4+6: 1353 condicionais; superada por 1285 nossa),baixa-media
"K_7(8,3)",1887,2337,"Keri 6-21 (chave f = soma direta K7(4,1)*K7(4,2)=123*19; componentes de Keri-Ostergard DCC 37 (2005) 45-60)","edicao 2006-01-26; PDF 2009-10-15; site 2011-11-25; Marosi v1-v3 nao altera (so LB 471)","LI (tabelas, Marosi); RESUMO (Keri-Ostergard 2005)",NO_PREDECESSOR_FOUND_IN_REVIEWED_SOURCES,media
"K_7(8,3)",1887,"1225 (SO SE ADS (3,1)+(6,2) valida; tamanho 49*M1, so melhora se M1<=38)","ADS 25*343/7 sobre K7(3,1)=25 (Kalbfleisch-Stanton) e K7(6,2)=343 linear","derivacao propria; SA: M=38 -> 490 descobertas, M=42 -> 98, nenhuma zerou",MEDIDO,CONDICIONAL_NAO_VERIFICADO (nao e predecessor),baixa
"K_7(8,3)",1893,2337,"Keri 6-21","idem",LI,NO_PREDECESSOR_FOUND_IN_REVIEWED_SOURCES,media
"K_5(10,4)",625,875,"Keri 4-5_tables.pdf chave d = Bhandari-Durairajan IEEE Trans IT 42 (1996) 1640-1642; index.htm 2006-09-19: 720 provavel erro de impressao","PDF 2009-10-15; index.htm 2011-11-25",LI (Keri); RESUMO (BD1996 so abstract),NO_PREDECESSOR_FOUND_IN_REVIEWED_SOURCES (BD1996 e CHLL1997 NAO lidos),baixa-media
"K_5(10,4)",625,"875 = ADS (5,2)+(6,2) = 35*125/5 (reproduzido)","derivacao propria sobre chave m (Ostergard 1991)","MEDIDO 2026-10-03",MEDIDO,EXPLICA_O_875 (nao e predecessor de 625),alta
"K_5(10,4)",625,"3125 em n=11 ([11,5]_5 R4 = [10,5]_5 R3 (Davydov-Ostergard 2000) + coluna (1,1))","Keri index.htm 2009.09.16 K5(10,3)<=3125 (2-saturante PG(4,5)); Davydov-Ostergard Eur J Combin 21 (2000) 563-570","RESUMO + citacao Keri; programa proprio acha [10,5]_5 R3 (scripts/sat10_5_3.log)",MEDIDO,CONSISTENTE_COM_Keri_K5(11 4)<=3125; nao implica 625,alta
"K_5(10,4)",625,"nenhuma tabela l_5(6,4) encontrada","DGMP 0904.3835v1 (r<=5), 1808.09301 (r=tR; r=tR+R/2 so q quadrado), 1712.07078 (R=3), 2310.02715 e 2108.13609 (r=tR+1)","2009-2023; LI das introducoes e tabelas",LI,AMBIGUOUS (fonte primaria CHLL 1997 / BD1996 / Lobstein-Pless 1994 inacessivel),baixa
"K_5(10,4)",625,"nosso codigo e linear [10 4 5]_5 R=4 (r=6), l_5(6,4)<=10; busca propria: n=9 melhor 192 sindromes descobertas, n=8: 1664","data/codes/q5_n10_R4_M625.txt, structured/*.json; scripts/verifica_625.py, sat.c","MEDIDO 2026-10-03",MEDIDO,VERIFICADO_LINEAR_RAIO_4,alta
