par,nossa_cota,melhor_publicada,fonte,versao,data_leitura,comparacao,classificacao,melhor_inferior_publicada,fonte_inferior
"K_7(9,4)",1285,1475,"Marosi arXiv:2608.19872 Tabela 1 (anc K7_9_4_M1475.txt)","v2 e v3 (v1 dizia 1743; v3 de 2026-09-02)",2026-10-03,"ESTRITAMENTE MELHOR (-190, -12.9%)","MELHORA_APARENTE_A_CONFIRMAR (nenhum numero publicado <=1285 achado; 1285 nao aparece em coldcase)",264,"Kéri 6-21_tables.pdf (arq. 2009-10-15, chave m = Haas-Halupczok-Schlage-Puchta 2009); Marosi v3 nao altera"
"K_7(9,4)",1351,1475,"Marosi arXiv:2608.19872 Tabela 1","v2 e v3 (v1: 1743)",2026-10-03,"ESTRITAMENTE MELHOR (-124, -8.4%); PIOR que o nosso proprio 1285","MELHORA_APARENTE_A_CONFIRMAR",264,"idem"
"K_7(8,3)",1887,2337,"Kéri 6-21_tables.pdf (chave f = soma direta; 2337 = 123*19 = K7(4,1)*K7(4,2))","arquivo PDF Last-Modified 2009-10-15; index.htm 2011-11-25",2026-10-03,"ESTRITAMENTE MELHOR (-450, -19.3%)","MELHORA_APARENTE_A_CONFIRMAR (Marosi v1-v3 nao tem K7(8,3) na Tabela 1; nenhuma fonte posterior achada)",471,"Marosi v2 e v3 Tabela 2 (certificado SDP; v1 nao tinha cotas inferiores); Kéri 457"
"K_7(8,3)",1893,2337,"Kéri 6-21_tables.pdf","idem",2026-10-03,"ESTRITAMENTE MELHOR (-444); PIOR que o nosso 1887","MELHORA_APARENTE_A_CONFIRMAR",471,"idem"
"K_5(7,2)",500,525,"Kéri 4-5_tables.pdf (chave o = Östergård 1999)","PDF Last-Modified 2009-10-15",2026-10-03,"ESTRITAMENTE MELHOR (-25)","MELHORA_APARENTE_A_CONFIRMAR",236,"Gijswijt-Polak arXiv:2504.01932 v2 (2026-06-19) Tabela 3; Kéri 225"
"K_4(10,4)",192,208,"Kéri 4-5_tables.pdf (chave o = Östergård 1999)","PDF Last-Modified 2009-10-15",2026-10-03,"ESTRITAMENTE MELHOR (-16)","MELHORA_APARENTE_A_CONFIRMAR (q=4 fora do escopo do Marosi; busca para q=4 fraca)",62,"Gijswijt-Polak v2 Tabela 3; Kéri 59"
"K_5(9,3)",1250,1275,"Kéri 4-5_tables.pdf (chave d = Bhandari-Durairajan 1996)","PDF Last-Modified 2009-10-15",2026-10-03,"ESTRITAMENTE MELHOR (-25)","MELHORA_APARENTE_A_CONFIRMAR",354,"Gijswijt-Polak v2 Tabela 3; Kéri 330"
"K_5(10,4)",625,875,"Kéri 4-5_tables.pdf (chave d = Bhandari-Durairajan 1996; index.htm: '875; 720 e provavel erro de impressao')","PDF Last-Modified 2009-10-15",2026-10-03,"ESTRITAMENTE MELHOR (-250, -28.6%) em relacao a Kéri; NAO COMPARADO com tabelas de comprimento linear l_5(6,4) (nao localizadas)","MELHORA_APARENTE_A_CONFIRMAR (codigo linear [10,4]_5: checar Davydov-Marcugini-Pambianco / Cohen et al. antes de alegar)",177,"Gijswijt-Polak v2 Tabela 3; Kéri 162"
"K_5(9,5)",50,55,"Kéri 4-5_tables.pdf (chave d)","PDF Last-Modified 2009-10-15",2026-10-03,"ESTRITAMENTE MELHOR (-5)","MELHORA_APARENTE_A_CONFIRMAR",19,"Kéri (chave m); Gijswijt-Polak v2 Tabela 9 (15.67) nao melhora"
"K_5(9,4)",250,255,"Kéri 4-5_tables.pdf (chave d)","PDF Last-Modified 2009-10-15",2026-10-03,"ESTRITAMENTE MELHOR (-5)","MELHORA_APARENTE_A_CONFIRMAR",64,"Kéri (chave m); Gijswijt-Polak v2 Tabela 9 (61.18) nao melhora"
"K_2(6,1)",12,12,"Kéri 2_tables.pdf (chave c = Stanton-Kalbfleisch 1968; inferior c = 1968 e 1969); Florath post-keri CSV 12-12","PDF Last-Modified 2009-10-15; Florath repo bbed9a6 (2026-09-16)",2026-10-03,"IGUAL (valor exato)","PREDECESSOR_ENCONTRADO (valor exato 12 tabelado; conteudo do artigo de 1968 NAO lido)",12,"Kéri (exato); banco Lean do Florath: 10<=K<=12 (provado em Lean), tabela de referencia dele: 12-12"
