witness_id,q,n,R,size,witness_path,sha256_file,sha256_canonical,created,witness_producer,containing_commit,verify_c,verify_rust,verify_py_dilation,verifier_authors,independence_note,claim_id,claim_status,lean,best_recorded_bound,best_recorded_source,diff_abs,diff_pct,literature_state,literature_confidence,literature_source,literature_note,classification
w-q2-n6-r1-m12,2,6,1,12,campaigns/covering-codes/artifacts/q2_n6_R1_M12.txt,3841679b4baf076b395d811e76cea94937e1c973a31564c7701cbdb5ff335cb5,6efb8a9e04c7724b07b8a00e66688a6f743a832048055ff517fcaf86606fa1c7,2026-10-03T16:38:07Z,,676e2ded76f20b3426a82c840a605ed3e23abcfa,PASS,PASS,PASS,"{""verify-c"": ""thiagopatzdorf"", ""verify-rust"": ""agente-verif-rust"", ""verify-py-dilation"": ""agente-c""}",contam como independentes C (thiagopatzdorf) e Rust (agente-verif-rust); Python é do mesmo autor da afirmação (agente-c): PASS não conta; agentes do mesmo modelo ≠ independência cognitiva total,,,"EXISTS_BUILD_NOT_REPRODUCED: K_2(6,1)=12 via CoveringHeavy chunks not built here; lower bound 11 PROVED separately (default build)",,,,,PREDECESSOR_FOUND,alta,_literatura/profunda_b,"igualdade com valor clássico (Stanton–Kalbfleisch 1968, não lido; exatidão provada por busca exaustiva própria)",igual/sem comparação
w-q4-n10-r4-m192,4,10,4,192,data/codes/q4_n10_R4_M192.txt,83c0f109876b9773867e2e3680e2e04862c3ad641df47d8c56139445403d7410,907b0f19b29b83a89bc17b77b944c5f2ee27019abcd2d161a6861f4855149b30,2026-10-03T16:38:07Z,exp-prior-search-unrecorded,676e2ded76f20b3426a82c840a605ed3e23abcfa,PASS,PASS,PASS,"{""verify-c"": ""thiagopatzdorf"", ""verify-rust"": ""agente-verif-rust"", ""verify-py-dilation"": ""agente-c""}",contam como independentes C (thiagopatzdorf) e Rust (agente-verif-rust); Python é do mesmo autor da afirmação (agente-c): PASS não conta; agentes do mesmo modelo ≠ independência cognitiva total,k4-10-4-ub-192,INDEPENDENTLY_REPRODUCED,no Lean theorem currently exists (verified computational witness only),208,"[""lit-keri-k4-10-4-ub (PDF 4-5_tables.pdf, Last-Modified 2009-10-15 (diretório e index.htm atualizados até 2011-11-25), 2009-10-15)""]",16,7.69,AMBIGUOUS,média-baixa,_literatura/profunda_b,"ADS dá exatamente 192, condicional",apparent improvement over the currently recorded bound; novelty not yet established
w-q5-n10-r4-m625,5,10,4,625,data/codes/q5_n10_R4_M625.txt,ba1ec554be784e105c9c729c0cb5ea08c5cf10d120ee617ede96d864a83e53b9,9e6866710516586faa66b91b5130c4d3c2c4c6857c5d38abfa554ecd37ef42e7,2026-10-03T16:38:07Z,exp-prior-search-unrecorded,676e2ded76f20b3426a82c840a605ed3e23abcfa,PASS,PASS,PASS,"{""verify-c"": ""thiagopatzdorf"", ""verify-rust"": ""agente-verif-rust"", ""verify-py-dilation"": ""agente-c""}",contam como independentes C (thiagopatzdorf) e Rust (agente-verif-rust); Python é do mesmo autor da afirmação (agente-c): PASS não conta; agentes do mesmo modelo ≠ independência cognitiva total,k5-10-4-ub-625,INDEPENDENTLY_REPRODUCED,no Lean theorem currently exists (verified computational witness only),875,"[""lit-keri-k5-10-4-ub (PDF 4-5_tables.pdf, Last-Modified 2009-10-15 (diretório e index.htm atualizados até 2011-11-25), 2009-10-15)""]",250,28.57,NO_PREDECESSOR_FOUND_IN_REVIEWED_SOURCES,baixa-média,_literatura/profunda,"código linear [10,4,5]_5; tabela ℓ_5(6,4) não encontrada; não alegar novidade",apparent improvement over the currently recorded bound; novelty not yet established
w-q5-n7-r2-m500,5,7,2,500,data/codes/q5_n7_R2_M500.txt,52a85f1b069e06df3c8503a3001e90d8d8170139e05b4ced05c5b8dabe5c27c3,5bebf8d23b3464410ac11c7fe6247fa859635117a7628732b42b4326acb9b87b,2026-10-03T16:38:07Z,exp-prior-search-unrecorded,676e2ded76f20b3426a82c840a605ed3e23abcfa,PASS,PASS,PASS,"{""verify-c"": ""thiagopatzdorf"", ""verify-rust"": ""agente-verif-rust"", ""verify-py-dilation"": ""agente-c""}",contam como independentes C (thiagopatzdorf) e Rust (agente-verif-rust); Python é do mesmo autor da afirmação (agente-c): PASS não conta; agentes do mesmo modelo ≠ independência cognitiva total,k5-7-2-ub-500,INDEPENDENTLY_REPRODUCED,no Lean theorem currently exists (verified computational witness only),525,"[""lit-keri-k5-7-2-ub (PDF 4-5_tables.pdf, Last-Modified 2009-10-15 (diretório e index.htm atualizados até 2011-11-25), 2009-10-15)""]",25,4.76,AMBIGUOUS,média,_literatura/profunda_b,"ADS 478,4 condicional",apparent improvement over the currently recorded bound; novelty not yet established
w-q5-n9-r3-m1250,5,9,3,1250,data/codes/q5_n9_R3_M1250.txt,334d055a45bcc7fffd7cc7ed5cefd719e8787587ced1b66b44cc85785a6bdea6,ee6235466bb1579465ef07867ab9e02e42ab36eef5d9500e6a25ade66652cd85,2026-10-03T16:38:07Z,exp-prior-search-unrecorded,676e2ded76f20b3426a82c840a605ed3e23abcfa,PASS,PASS,PASS,"{""verify-c"": ""thiagopatzdorf"", ""verify-rust"": ""agente-verif-rust"", ""verify-py-dilation"": ""agente-c""}",contam como independentes C (thiagopatzdorf) e Rust (agente-verif-rust); Python é do mesmo autor da afirmação (agente-c): PASS não conta; agentes do mesmo modelo ≠ independência cognitiva total,k5-9-3-ub-1250,INDEPENDENTLY_REPRODUCED,no Lean theorem currently exists (verified computational witness only),1275,"[""lit-keri-k5-9-3-ub (PDF 4-5_tables.pdf, Last-Modified 2009-10-15 (diretório e index.htm atualizados até 2011-11-25), 2009-10-15)""]",25,1.96,NO_PREDECESSOR_FOUND_IN_REVIEWED_SOURCES,média,_literatura/profunda_b,ADS dá 1275 > nosso,apparent improvement over the currently recorded bound; novelty not yet established
w-q5-n9-r4-m250,5,9,4,250,data/codes/q5_n9_R4_M250.txt,c605e57c41117da0141fdd88dc3972598fb4dd6e02bedc3edd477330f3bf5922,b818a971c86488280ed74c524398dae5561dd1e231de6d734b7206cbfd9a478c,2026-10-03T16:38:07Z,exp-prior-search-unrecorded,676e2ded76f20b3426a82c840a605ed3e23abcfa,PASS,PASS,PASS,"{""verify-c"": ""thiagopatzdorf"", ""verify-rust"": ""agente-verif-rust"", ""verify-py-dilation"": ""agente-c""}",contam como independentes C (thiagopatzdorf) e Rust (agente-verif-rust); Python é do mesmo autor da afirmação (agente-c): PASS não conta; agentes do mesmo modelo ≠ independência cognitiva total,k5-9-4-ub-250,INDEPENDENTLY_REPRODUCED,no Lean theorem currently exists (verified computational witness only),255,"[""lit-keri-k5-9-4-ub (PDF 4-5_tables.pdf, Last-Modified 2009-10-15 (diretório e index.htm atualizados até 2011-11-25), 2009-10-15)""]",5,1.96,AMBIGUOUS,média,_literatura/profunda_b,ADS 245 condicional,apparent improvement over the currently recorded bound; novelty not yet established
w-q5-n9-r5-m50,5,9,5,50,data/codes/q5_n9_R5_M50.txt,136e55ebc1151ce5b1eaac414f6735209e8d4f4136352018b516d65140b58499,6125e06ca894e33348805fc2682f1e0a833ab44ac05c8174051564ea7bdfb46f,2026-10-03T16:38:07Z,exp-prior-search-unrecorded,676e2ded76f20b3426a82c840a605ed3e23abcfa,PASS,PASS,PASS,"{""verify-c"": ""thiagopatzdorf"", ""verify-rust"": ""agente-verif-rust"", ""verify-py-dilation"": ""agente-c""}",contam como independentes C (thiagopatzdorf) e Rust (agente-verif-rust); Python é do mesmo autor da afirmação (agente-c): PASS não conta; agentes do mesmo modelo ≠ independência cognitiva total,k5-9-5-ub-50,INDEPENDENTLY_REPRODUCED,no Lean theorem currently exists (verified computational witness only),55,"[""lit-keri-k5-9-5-ub (PDF 4-5_tables.pdf, Last-Modified 2009-10-15 (diretório e index.htm atualizados até 2011-11-25), 2009-10-15)""]",5,9.09,NO_PREDECESSOR_FOUND_IN_REVIEWED_SOURCES,média,_literatura/profunda_b,ADS dá 51 > nosso,apparent improvement over the currently recorded bound; novelty not yet established
w-q7-n8-r3-m1887,7,8,3,1887,data/codes/q7_n8_R3_M1887.txt,98531afbd8afbcec54ec01d441836ce706f8702ece4df594447789af6732643b,98531afbd8afbcec54ec01d441836ce706f8702ece4df594447789af6732643b,2026-10-03T16:38:07Z,exp-prior-search-unrecorded,676e2ded76f20b3426a82c840a605ed3e23abcfa,PASS,PASS,PASS,"{""verify-c"": ""thiagopatzdorf"", ""verify-rust"": ""agente-verif-rust"", ""verify-py-dilation"": ""agente-c""}",contam como independentes C (thiagopatzdorf) e Rust (agente-verif-rust); Python é do mesmo autor da afirmação (agente-c): PASS não conta; agentes do mesmo modelo ≠ independência cognitiva total,k7-8-3-ub-1887,INDEPENDENTLY_REPRODUCED,no Lean theorem currently exists (verified computational witness only),2337,"[""lit-keri-k7-8-3-ub (PDF 6-21_tables.pdf, Last-Modified 2009-10-15 (diretório e index.htm atualizados até 2011-11-25), 2009-10-15)""]",450,19.26,NO_PREDECESSOR_FOUND_IN_REVIEWED_SOURCES,média,_literatura/profunda,"risco: ADS (3,1)+(6,2)=1225 condicional a normalidade",apparent improvement over the currently recorded bound; novelty not yet established
w-q7-n8-r3-m1893,7,8,3,1893,data/codes/q7_n8_R3_M1893.txt,07e2f3c1c65608b037fb13a2e85fd9ea25c2ace2bcc9e30a128e1833c2d06e28,7c276cf1fffe7e43da8d21fa24ebf2ec91d413fb5c8c5d08bc3ee9b8aeeb93b1,2026-10-03T16:38:07Z,exp-prior-search-unrecorded,676e2ded76f20b3426a82c840a605ed3e23abcfa,PASS,PASS,PASS,"{""verify-c"": ""thiagopatzdorf"", ""verify-rust"": ""agente-verif-rust"", ""verify-py-dilation"": ""agente-c""}",contam como independentes C (thiagopatzdorf) e Rust (agente-verif-rust); Python é do mesmo autor da afirmação (agente-c): PASS não conta; agentes do mesmo modelo ≠ independência cognitiva total,k7-8-3-ub-1893,INDEPENDENTLY_REPRODUCED,no Lean theorem currently exists (verified computational witness only),2337,"[""lit-keri-k7-8-3-ub (PDF 6-21_tables.pdf, Last-Modified 2009-10-15 (diretório e index.htm atualizados até 2011-11-25), 2009-10-15)""]",444,19.0,NO_PREDECESSOR_FOUND_IN_REVIEWED_SOURCES,média,_literatura/profunda,superado pelo nosso 1887,apparent improvement over the currently recorded bound; novelty not yet established
w-q7-n9-r4-m1285,7,9,4,1285,data/codes/q7_n9_R4_M1285.txt,89cbd6b290a10d8d708e9783a405b8a12ce5efd6a8ea2ee17568b3ee25c50f31,aa388cc9642bc064527a0237b60522ba558491291a2adf02ab1e4d8d3f756c1f,2026-10-03T16:38:07Z,exp-k7-9-4-1285-regen,676e2ded76f20b3426a82c840a605ed3e23abcfa,PASS,PASS,PASS,"{""verify-c"": ""thiagopatzdorf"", ""verify-rust"": ""agente-verif-rust"", ""verify-py-dilation"": ""agente-c""}",contam como independentes C (thiagopatzdorf) e Rust (agente-verif-rust); Python é do mesmo autor da afirmação (agente-c): PASS não conta; agentes do mesmo modelo ≠ independência cognitiva total,k7-9-4-ub-1285,INDEPENDENTLY_REPRODUCED,no Lean theorem currently exists (verified computational witness only),1475,"[""lit-marosi-2608-19872-v2 (v2, 2026-08-23)"", ""lit-marosi-2608-19872-v3 (v3, 2026-09-02)""]",190,12.88,NO_PREDECESSOR_FOUND_IN_REVIEWED_SOURCES,média,_literatura/profunda,"risco: ADS q=7 (931/1225/1344) condicional a componentes normais, não verificado",apparent improvement over the currently recorded bound; novelty not yet established
w-q7-n9-r4-m1351,7,9,4,1351,data/codes/q7_n9_R4_M1351.txt,6d1b0e1abb8079df06a28d5301607d3d5247e0f2005d72e13f695ce26f6e6b52,54dbdade1337432303847d2fd0d1c13b506de08ba518e1694c5fb37ed0e81162,2026-10-03T16:38:07Z,exp-k7-9-4-1351-lincov,676e2ded76f20b3426a82c840a605ed3e23abcfa,PASS,PASS,PASS,"{""verify-c"": ""thiagopatzdorf"", ""verify-rust"": ""agente-verif-rust"", ""verify-py-dilation"": ""agente-c""}",contam como independentes C (thiagopatzdorf) e Rust (agente-verif-rust); Python é do mesmo autor da afirmação (agente-c): PASS não conta; agentes do mesmo modelo ≠ independência cognitiva total,k7-9-4-ub-1351,INDEPENDENTLY_REPRODUCED,"EXISTS_BUILD_NOT_REPRODUCED: theorem K3_K7_9_4_Final declared; CoveringHeavy (~12.4 h CPU) not built here; axioms declared, not measured",1475,"[""lit-marosi-2608-19872-v2 (v2, 2026-08-23)"", ""lit-marosi-2608-19872-v3 (v3, 2026-09-02)""]",124,8.41,NO_PREDECESSOR_FOUND_IN_REVIEWED_SOURCES,baixa-média,_literatura/profunda,superado pelo nosso 1285,apparent improvement over the currently recorded bound; novelty not yet established
